-1779.25,-5.5,10628.75,15.24875,111.375,-140.25,-315.5625
-2041.0331125827815,-80.02649006622516,12917.324503311258,18.52662251655629,131.88741721854305,-181.50993377483445,-392.41059602649005
-2197.915939730373,-60.75495638382236,13915.149881046787,20.02872323552736,149.98969072164948,-193.34337827121334,-427.5574940523394
-2308.343106180666,-34.9377971473851,14475.708003169571,20.83651743264659,162.38490491283676,-206.35677496038036,-451.75534865293184
-2390.0402610302904,-44.092492235731974,14792.876790182445,21.327263331279624,166.99293357307212,-212.4361946913782,-460.9766883353661
-2447.085246633818,26.7236123584404,15023.687340647548,21.635217442295733,174.5793464762122,-213.36207769089762,-476.87510141523455
-2402.843373037697,25.744634641919774,15110.06554266106,21.881356310984945,178.68439662156155,-213.23193215460662,-477.6388769054966
-2426.217957242439,15.073909352854614,15205.468077381092,21.988493103995054,177.72138398884934,-213.8662168415005,-491.0419758452475
-2432.5920737524775,46.95018309121075,15242.221471222376,22.071478616297092,182.8396689518342,-209.6126757994317,-473.8209424923801
-2492.581051242928,75.99358474566765,15277.259441606273,22.124699787740497,180.74708124015498,-214.7682313753343,-471.0183849692924
-2532.501521039568,64.53055311798315,15361.365004223228,22.176759628545472,177.97136735926006,-217.71760465896116,-481.4022532466152
-2576.7475150747896,72.93898871567478,15396.703119085367,22.17792056151611,171.89100891866775,-221.75976615896278,-473.0178912182194
-2583.6449745427485,59.70510340458298,15416.513964090303,22.192996081507665,163.68999970814002,-208.23182638325062,-460.83052804018854
-2606.700802369624,81.30634969212596,15357.5752005014,22.220583501047003,167.02539989285233,-221.76265015429757,-473.7886010448888
-2602.867148456015,69.37406523019624,15332.64929023046,22.20604411491102,177.40579804050287,-214.32425326857768,-478.87995619193595
-2591.8087464408964,50.252380849867606,15363.943378387452,22.17880070450114,170.81177415679366,-215.64111883909672,-470.68302948135016
-2574.6808932103445,33.68210763135767,15339.60213751332,22.179230361390594,168.72966110892833,-211.11234023132295,-471.513102092269
-2602.3810537660843,48.8428157882805,15364.106194158785,22.211749277703312,171.69257318389964,-219.31201915495902,-471.3292793487393
-2597.2289319924857,24.179353990014985,15366.934210075602,22.21470516165202,176.46005994564797,-211.67682637189864,-467.62873654403006
-2530.869262870547,-1.6794467744735257,15375.914219341814,22.216602077630785,172.3544065904711,-210.71783303092704,-473.1356082079324
-2567.100115438384,34.74798517976528,15381.677072100607,22.23573228776968,175.45175591346813,-206.87808816786782,-482.4017224712512
-2576.0206876110788,43.79471068375051,15402.571702610318,22.230096076559793,175.6481685084767,-212.65388514814995,-475.80916606800815
-2587.477518367554,59.63159022881331,15364.391583369894,22.24439195921711,172.90815424134772,-217.7934893982882,-467.6376096518036
-2581.932580250212,46.86630330430056,15342.755841473678,22.203410173900025,168.64196784169513,-211.4188371276817,-475.649105273513
-2542.5484012263037,41.54033761307715,15376.161267089778,22.177110423412277,163.03811445845437,-215.20961882220772,-470.0426948512957
-2544.5014777531414,43.85456055994332,15394.732885550855,22.17814563609763,172.3391564735586,-218.0005818488481,-474.3264899322635
-2519.9603048248505,65.40211951138204,15376.557445278728,22.178809976002295,172.57590866917377,-222.29946423132031,-477.0755829988093
-2537.1708892580687,69.19889041714059,15370.625615175955,22.193566613887572,169.86178204256242,-221.11740619513824,-472.7494139832979
-2519.555045982342,53.00604579222009,15376.850120054567,22.203036574549852,169.9112996720552,-218.5675415505271,-477.1382791545866
-2559.839301910934,69.84198560776251,15406.639193947804,22.17687066886722,167.07701667998063,-225.17110931449358,-479.2382850177355
-2589.9905090554307,59.15086837498333,15358.40368356513,22.142166018483373,169.1989702883776,-228.3341262328312,-489.1841295523293
-2580.679212451272,69.48628815302794,15370.4398182351,22.170050631525704,166.9781422594864,-226.423135133273,-474.4296033971092
-2584.7349702832566,68.9538141717539,15369.565734884181,22.155702189618538,170.21029108593874,-214.09078640600467,-482.8738763961105
-2574.440449670048,24.18816440737264,15400.531464625716,22.164407064109866,171.2097254210906,-216.20780690581998,-483.2773187013916
-2557.8028070449736,26.986813640086563,15418.970457014406,22.18432365420299,176.15019567440768,-213.6255555223473,-468.48940682813566
-2554.290877218807,-4.176870792776857,15413.607177470187,22.14694891540733,174.66335665916327,-209.4606122568751,-473.6879366698271
-2550.60409255842,24.54710006720512,15424.495636199828,22.140876838167912,166.9022951553354,-215.02771554117655,-481.32314467943087
-2575.465701691381,31.51624871676905,15463.009888285047,22.154893007036858,172.31116219794666,-210.71869540481035,-479.4160878045046
-2605.7507539424414,-11.301352063730405,15403.177331626317,22.178218080093,171.12491327670463,-212.96902032234445,-488.58171800585126
-2616.5877753140962,11.37683647240593,15414.936301022231,22.14303070943836,170.36364701080353,-218.35398256879884,-496.9714947948372
-2606.3459884127824,1.56887757732372,15425.348591178557,22.13836235914617,170.23336771655872,-219.6601959120395,-490.89132831893187
-2588.309156970166,51.16287503901737,15427.73150873665,22.135366480683214,162.62635300621838,-221.57322114617483,-485.5563972288306
-2579.6002174775476,32.83338777913272,15397.73406192646,22.1334438983569,162.40195730056433,-209.1871029687129,-484.2822910014689
-2545.350715920792,21.07057807507462,15435.804638620855,22.150122974176746,166.55704388897016,-217.71825358179044,-479.52380970994955
-2546.2998419959126,37.88339871173116,15411.513113588022,22.175156947611764,171.01482710264793,-214.23661567383644,-468.9466814010129
-2521.1143914665336,35.775626588892905,15393.058150716828,22.158979129314535,169.57648490290828,-219.525709860057,-463.59191965026116
-2546.5096972919487,38.72207061778024,15364.018454653211,22.16651001535499,168.6534396837503,-210.73918865543908,-468.0372083584645
-2542.744518684001,14.818383766541569,15382.641236747777,22.185673207246268,176.3010064997408,-205.45876275140458,-466.2325903349182
-2570.4218796504824,12.37564617045224,15343.003176184533,22.165727859332197,169.3862748223252,-209.95175592655386,-471.88138419877157
-2542.3266476516255,30.870461700206064,15389.217264757312,22.135015204809783,179.63735845869357,-208.89426702256247,-480.52206087531744
-2507.1003818473055,31.275127346142416,15368.718746552171,22.115305591249328,177.61773211890664,-206.0660861061101,-468.8707863911388
-2493.0923740803405,21.503606515430896,15352.697917101501,22.10265709593874,180.62074303684804,-207.8336981058356,-471.42488113106424
-2475.5046594615496,55.35765477131096,15386.840609688585,22.14469607954528,177.17403901972529,-216.49145868613547,-469.4813764022467
-2488.5793914607684,67.05202203557687,15345.698091982162,22.157343976281055,172.09608225058292,-222.405768573158,-471.1002075098432
-2475.474547582406,7.204370641788358,15329.326404618047,22.14754778979826,176.00249332146885,-218.3195656459093,-477.1546860923465
-2530.117945451748,31.850925607580304,15363.243936794994,22.173504342529718,177.0763727786662,-216.77204855632922,-481.39835946281465
-2546.5555387976683,40.50251430497663,15333.421166323575,22.15791858251252,173.10817838815422,-213.62939576104148,-473.0157200714827
-2558.537270181105,74.715211423015,15357.273537456342,22.180159720252423,168.05381668880395,-213.04565239594436,-465.48667927747374
-2526.1016078172574,47.94792137425695,15386.9109188602,22.16218962078821,169.1093091611615,-216.9701303439831,-479.2843679527299
-2508.152327572826,40.80142754622665,15410.229574870045,22.182900626736245,165.12931506230876,-212.32348297090678,-472.37559716072633
-2480.8701797851536,39.081279783406345,15356.408692510748,22.163948576776924,166.15775967087362,-208.62501705302066,-472.59929420431064
-2454.7638862866183,60.905872424984686,15349.097123935264,22.169699120647767,171.47510461705576,-210.1923878101901,-481.3410317566511
-2470.970066439,49.11709454787791,15375.931646262445,22.173389488648166,173.81269777816232,-220.87119050577834,-485.87620295183507
-2538.691470998476,65.91325030604644,15360.192801448522,22.175757754378196,181.0449516068307,-220.55907991261057,-477.32237251352734
-2554.923594475982,35.1341780639365,15327.164032476585,22.159364692509087,184.61142304837844,-222.866588288434,-481.86422852380144
-2523.782558787197,58.372849774083946,15383.351705011011,22.130931690667015,182.95934583515046,-223.27264161345747,-485.495445377827
-2533.8916706934806,37.46033448948978,15412.24456715773,22.098354724178527,175.09224396853648,-218.51761728823425,-470.9876455411255
-2560.441540630213,34.071098048669924,15445.116645515816,22.109691883780346,179.35828770251499,-217.2574042681358,-473.858132175499
-2531.6227497975524,20.431838993725364,15446.149629085314,22.099054541663453,178.51341328204063,-207.4922328642749,-488.9557753163089
-2527.458811704226,23.143189961384568,15494.10253764529,22.11014098635403,168.65652471108925,-213.76452296561445,-475.7160890726632
-2530.518757063674,-0.9113660823613614,15450.358379279245,22.149498809570016,175.58647115369232,-213.84888439562545,-472.59348418598387
-2545.3797263376982,3.71422854917314,15386.460139819492,22.092357153716023,183.25802995249407,-215.33605298274387,-483.12859106884673
-2556.3496711572443,22.446001948347966,15326.824534709865,22.105842988334615,191.4055128672549,-219.8730078613669,-480.9329769280894
-2543.327126316486,18.70364267938669,15360.205350441329,22.114497420620133,185.52811370110365,-218.84373104781187,-476.65789761698517
-2550.733339796831,32.065345004108444,15350.100570145447,22.137964215504454,178.53201914971285,-223.9153215557486,-481.4378067886853
-2559.785312070489,46.372237441581234,15310.65620748506,22.102867793760286,179.77444954019396,-214.272703872994,-478.77315620619316
-2572.7594981481566,28.326002085705884,15318.302782715282,22.094675233548,172.690103309811,-214.8915207852543,-472.405788461497
-2566.7552810756324,42.53951215065376,15347.571429214258,22.08941772004531,173.51764128382402,-208.1234904646538,-475.48472979901203
-2531.3754541026233,78.88849992739678,15384.983755169857,22.103956629026467,172.2574196671239,-215.60265803033832,-477.1023595268338
-2518.701929896015,79.28670324190178,15343.073439372238,22.063130804083535,167.86610628889272,-210.01288768671856,-475.6326581735533
-2496.238488888786,69.51103525891077,15384.963264792217,22.10500007816147,163.61498389045775,-215.02387654833652,-472.5399430380099
-2484.688806215279,57.505453215772576,15423.3099853945,22.08171330814232,170.2015550769995,-214.29880745517036,-480.94468602544043
-2487.308096730704,79.89459765341796,15394.896582790336,22.099012381006233,165.4719980415516,-213.1169847140471,-478.8149572585518
-2514.7835515959523,62.73599550613554,15455.479162033267,22.092201051596614,172.8263101297859,-211.64204377674213,-475.29867452639996
-2529.5496562244266,67.48792551788593,15468.563028679171,22.055586751251717,177.904141813473,-211.05376916428114,-477.6994751029708
-2546.1908434876977,80.56865257908984,15448.298895501262,22.064332982411766,171.4898474834739,-210.3179908151808,-478.52365556114455
-2548.2720177806145,90.39614043409408,15412.366056975889,22.03770262879957,178.1212497350371,-217.3692195885239,-476.54476414507815
-2594.0315342471067,53.71194803644704,15349.181582062187,22.070768860676665,173.42046269621815,-210.07179248621748,-478.8574012529832
-2577.5403886675854,55.96469024977146,15367.387664958198,22.074075986214318,168.97073791866046,-219.00251152198675,-476.75894291652907
-1864.7724846102367,-143.2138684044769,15118.259770253064,22.076198308994833,468.1262918096122,-1734.0728731470488,-2271.3574690447435
2195.279041372658,-531.8467113324058,14693.27322817181,22.063229990794493,-212.9665927982519,1236.2667428973812,-2453.940763496352
1673.914309072626,-309.78193507062724,15334.81464907765,22.036994792278275,-123.05591123776223,417.1943763683802,-2073.134189048368
754.6560851703263,-66.96142636421058,15520.100215877812,22.07031461194709,37.46351052040761,400.64489136628004,-1816.5736950472087
-460.07212289820666,24.380434560158818,15497.135828333285,22.073784475530548,79.93010513790524,171.4872672451297,-1344.9012029977755
-1236.7486949904164,14.212929053407846,15436.54163755998,22.06168093144029,106.10794807449717,31.23399039342135,-1036.4768304359682
-1669.255613293522,40.647705750932175,15400.521834854635,22.03600069516331,120.04132007002386,-56.264685393133604,-832.4574452799294
-2045.6927434361128,40.4156602628549,15358.777005506448,22.051763779173598,132.56553177451116,-113.13281339730642,-694.0061402204692
-2209.88478725488,33.10159543743693,15379.277576432967,22.047549316238783,140.24459226440513,-146.76144352497587,-622.352426540891
-2368.2759088099697,32.70694053345335,15402.464874591957,22.059175019331544,145.88908634617127,-164.40152909318908,-575.6526830304997
-2438.395546011442,56.81518846186015,15332.796361268378,22.052305423510795,159.18435207355242,-182.17055673096058,-536.0105217498276
-2484.827322693185,70.85344380465665,15318.180756036105,22.029984033917422,163.0591398122015,-189.27460488097722,-509.1374345411387
-2500.2942611337417,76.99632735241981,15373.287664520258,22.06581551083692,165.18749794379528,-202.07349810558773,-500.4900159085716
-2527.4164151368345,66.60817359084356,15329.835440619434,22.070897211449022,165.83684052515693,-205.62974254787318,-492.7910550407453
-2547.687912723259,58.5086242694537,15353.539394849862,22.074158354350928,169.47786933701022,-211.13625362519352,-489.64159302854597
-2610.8530525837177,21.784133686343182,15307.130926097021,22.07625116812302,175.3970477112214,-211.8039548715879,-492.9943131644896
-2563.973956003997,54.10465068181241,15336.10288396086,22.09550709399449,177.76260534969452,-212.23244709229985,-485.831199126446
-2525.291468957182,63.381855589785424,15354.695418616873,22.075621257410262,175.33985079365513,-213.22394387046293,-471.20311296781523
-2527.694850983468,56.4381591138745,15337.966431436613,22.095102853562686,180.95021778625843,-217.44280511767445,-485.46064898945605
-2522.0720518165353,63.44633668459716,15370.221638883146,22.08969214195287,172.011613403768,-215.85113655447387,-496.0433450869705
-2560.0215410743976,100.90347798583299,15369.425719936573,22.071889555953806,167.3501044105179,-218.77052856661948,-488.14614985256003
-2551.4156421535454,64.7540432089773,15361.749793587403,22.092708062400103,170.09073741130075,-218.49448087511547,-483.79469972765276
-2584.5846891689257,74.51511346751079,15417.011097630972,22.088155302851643,173.28254817232607,-218.67558692813014,-482.0769622567627
-2527.0540087290624,77.91314586358178,15403.751591749337,22.07090330109369,177.8386715542857,-219.86658307525758,-475.9590112642871
-2531.6920080964996,60.0313835406164,15379.479071159762,22.059831959554472,178.61298383012897,-208.80839604408226,-480.98930176205846
-2540.400530195166,58.58710987165067,15375.366607025999,22.05272700992615,182.6924685669539,-207.08575176415718,-485.6504828902239
-2528.7927949970776,89.18692429262646,15368.428373463488,22.098323522012443,175.27923507129321,-221.74359089486921,-477.89403351156653
-2547.1381638020866,80.16351801248082,15322.417936532187,22.059515800297063,164.43146990846625,-214.67030000775821,-475.4241938216916
-2584.705710371195,88.70311811465471,15358.810479694512,22.052524117115876,172.87507421564266,-221.237053776562,-477.7800261606064
-2565.8234906750727,81.28606933791852,15350.638452680128,22.062367560137687,167.90422385057568,-227.95902128714724,-468.18587907727937
-2549.4068782800177,67.928052760872,15333.929873977911,22.054354212407212,177.25323318796927,-223.67461138726793,-468.47754406032874
-2547.46982320886,72.25291923784093,15350.43484535294,22.04921170715818,173.93819235607154,-223.0746691818157,-477.9794146623291
-2557.6909750033333,53.53291539264299,15352.428604130662,22.045911543340786,172.16904756488367,-221.61488810423984,-494.4666377121672
-2561.3842612425083,37.220403792026644,15365.172325958376,22.04379368819155,182.49795451053123,-216.73725138306054,-491.4334006636065
-2585.2498538999203,38.21621517367432,15383.381724923642,22.04243457068062,173.36311930047935,-216.473125494458,-482.67994992735106
-2593.4002659474045,64.64981459373891,15419.428983599337,22.023649488831037,172.5165139234615,-218.45317012172058,-486.7354435529466
-2625.858306466034,54.3858016508869,15386.673858153586,22.02950718322244,176.27230216508298,-220.79862148181402,-480.0233290822462
-2579.3355852126997,46.365918760229924,15392.881079620218,22.047596617038153,176.89126299224313,-217.2881911653321,-461.38557764817176
-2529.417557110153,28.321947119777914,15414.060880346682,22.026962193006895,173.3476431534005,-221.48403533283712,-478.08554730337835
-2531.775767101213,64.03236407669857,15390.39406991494,22.013720207577016,166.05794597229976,-212.3541867735553,-480.2044447513666
-2533.289130512516,33.927133563612514,15409.598800137765,22.055378323391924,178.21794375195145,-218.6759329318344,-468.3087010782916
-2562.9209255859682,54.73217754675437,15420.490260110158,22.08211210388522,169.54168208519656,-210.55210831363055,-466.0485611633087
-2586.2359966105614,75.24880842915879,15398.819166544938,22.049112245426176,161.82421141850747,-212.1455991785689,-482.5110119557667
-2585.434933899461,35.393080712048516,15389.210997122651,22.045847714527145,158.6628708829978,-214.9594977266989,-476.5958169425812
-2579.188736856324,67.1371802566414,15380.17896656893,22.025839848058766,159.50016508005237,-213.89923526420407,-477.4571337213545
-2590.943620242257,90.37477640852723,15384.413941274872,22.01299995120214,165.41135583555118,-217.15965311900143,-475.5020742579297
-2576.991773506907,39.367935054931046,15357.038068398158,22.022672923060725,169.9213328971514,-221.4015470145726,-476.39697506306425
-2560.873130083027,55.357710163720505,15370.996475316688,22.010967601056674,176.03989466364212,-215.1673110756687,-473.3886951858558
-2559.1272943436456,46.9896336914837,15375.655086464607,22.003455799263957,172.8012839729496,-222.6307795757572,-480.05633601371255
-2503.5517669096653,84.6103922970137,15378.644714905447,22.048791217053413,168.2151270903779,-219.18047989259873,-479.3196380713737
-2502.279319529194,95.85595686010544,15380.563286327379,22.05997199977877,169.5710864598288,-216.24976104896882,-475.98080718734485
-2512.9269782784195,77.2781677915362,15393.258757238644,22.034904001205284,167.21694499578518,-212.57770656765473,-465.59821364238655
-2538.3894262971,52.45873977943319,15374.178404315971,22.03672968134763,166.42270766988977,-208.0716479828981,-472.9073080362333
-2551.8636990192354,69.49075611681054,15387.728277260176,22.037901297759504,161.61392104402532,-211.6285552456416,-472.22400049489295
-2533.2831362635534,53.19334839588563,15390.691684544487,22.020740295248498,172.14170626779813,-205.671249459115,-475.36806874748703
-2539.988594374353,98.62279119544894,15409.789792073483,22.027640230261973,181.40563573159966,-213.67069335776566,-469.5040842206757
-2568.6532860857224,54.69224805700291,15400.550403847441,22.014155332853065,181.97682879928738,-220.2373062059518,-484.37031015176984
-2565.5531808445016,75.22318398135688,15400.353217502816,22.03774468326937,184.13467547431048,-218.36100161390337,-473.13165908247413
-2567.862802606128,75.5014842001412,15426.021219662436,22.02063978908495,175.8465028678149,-207.12568539875926,-477.74183962302754
-2539.251349051351,107.20674737456515,15419.564981306825,22.04190603397212,181.63361548924541,-210.6632333482345,-491.8063727425495
-2543.8186497545616,97.45972418627308,15401.091436432756,22.055553485653714,173.16669384567516,-217.5907763707993,-482.20278679681104
-2552.4818015206138,101.23585778111197,15367.740724675505,22.03206845321145,171.67394423569138,-222.03647466752392,-476.3980157799304
-2529.380708031142,67.83340598261486,15364.967551467123,22.034909989886255,164.9838623609165,-216.29128622985928,-490.22746882431943
-2587.640300324998,82.22339233019913,15344.558494938397,22.018820646063535,169.28873462621897,-206.8722339262372,-493.370294521643
-2597.800377402189,72.82866353005285,15373.019015458838,22.008495431453518,174.55915680323432,-216.9492190351638,-481.4151339129674
-2565.6287124542946,75.39784910381115,15343.99333989763,22.001869303134207,174.0005770764451,-220.5499873951585,-477.68383335133666
-2530.652487217436,72.74751366438468,15381.254513157259,21.97970415696696,168.6265067920067,-209.2469655933527,-481.3796781413982
-2532.568274149764,20.89062122845339,15333.515075149222,21.983392720667883,171.62637411689016,-204.14288232719096,-479.0941101562968
-2532.3646856340624,50.66518526943556,15332.97228800866,21.967846950027607,182.50795550254125,-216.98896615376867,-483.3594853143841
-2533.6670645231557,52.576423028516814,15334.05698874781,21.99369632634241,174.80256763938166,-210.1860252922856,-488.2463029523217
-2525.9046746489857,58.10203622724844,15346.217329460382,22.010284967925696,171.64898115157632,-210.47763789270223,-478.48510867888257
-2513.7580683147016,55.91593555950041,15316.762348837488,21.985104846144562,169.62519089408622,-214.96386890560632,-471.86267857172436
-2498.797924253446,48.78090089172312,15348.015897711473,21.986858572067117,173.34204478835153,-221.42544939458753,-481.58482938923885
-2543.6525156062085,90.05901529772521,15359.474444459858,22.0202271936577,173.93601979280925,-225.57211976248624,-486.7491733761143
-2523.714580628813,89.32135748160795,15359.662728710304,21.959242012995837,173.60068361683764,-227.87495651338662,-479.6738825228407
-2561.075621506562,96.01312255172395,15368.381740370705,21.952348416187746,180.55063555414526,-220.03808776007912,-472.62556518766615
-2560.690271959924,67.34781573859102,15376.843160661212,21.998080562346587,177.12904807337907,-215.00883655878746,-482.4326636698482
-2553.277825415359,63.282374852999666,15337.849274466509,21.99518563972014,179.2323610412357,-208.91529211328864,-477.2620526621412
-2552.820034787813,72.13765116186693,15378.744635952295,22.011240723512504,177.3578280918792,-205.36306365994312,-473.5855946173668
-2531.030796948094,86.4186393710016,15387.792561292752,21.985718195057807,174.00531534392508,-207.74079634202883,-473.37580091303926
-2552.8734754475527,66.92274989468987,15422.259604451407,22.00516506256423,174.00341108172944,-206.75888530605118,-471.4498795438417
-2578.3550912603805,31.482925949598737,15415.717962940695,21.98181918563394,171.13612847991502,-212.21913001270872,-476.30431276483733
-2544.5516655959027,48.86453497793276,15420.118095686015,22.00266290278,166.07175344862335,-224.321382389802,-478.7030933998093
-2571.5816025020044,64.31814183580035,15474.530937575904,21.9802134435325,181.09286515133115,-220.26541145150145,-485.6163562571769
-2593.2269507424544,81.40052845073969,15443.530574193786,21.983719551466276,181.05959550792443,-220.52858335946584,-476.43910272514773
-2564.1267807919253,79.46574825398594,15396.408750368762,21.968056691218532,191.06945691197893,-216.75663867487197,-475.9235332805818
-2591.3089358952157,86.8222993759234,15356.137464671614,21.99383092616405,182.08813421011908,-215.05253686424365,-484.5491097295219
-2595.8556056757084,64.31573509138113,15370.418519692294,21.97454558939282,172.74186265532722,-218.25803326041105,-488.2932202768884
-2560.0815790858196,125.8229225581789,15438.337520048708,21.962169370500156,175.7004028689904,-218.52384846118275,-481.739535642243
-2584.413867486512,120.87075591916005,15407.40644995978,21.972139904182303,174.732963100487,-222.993524188138,-481.4745914004977
-2569.935293546878,110.52758907406152,15429.114547924299,21.99645129717569,162.28961615872674,-216.1889503763401,-473.78115647944463
-2589.3043838762655,101.02387948781063,15428.715252693853,21.976227192654655,162.18585897761466,-215.04648476527046,-478.15864966116567
-2568.774654587313,113.55433941289223,15374.003857438849,21.98116140513933,168.20965227345042,-211.44725555129025,-475.59400923268606
-2545.568644269946,118.7296066645876,15387.616263123015,21.98432789865187,172.07537602397628,-206.27141689160342,-483.62112502712444
-2543.57363530841,110.58655302534183,15482.333738110723,21.950534214945225,174.1979174098018,-208.32372515267105,-486.9811779795098
-2578.1191103581136,88.16444665537637,15421.310387092079,21.946760252702404,167.67837574868483,-218.95547525115805,-478.031481873434
-2541.5341660821646,95.27068378622123,15393.613355715708,21.962251219474844,172.09269090519885,-225.77832039987666,-482.3192940879214
-2542.417569748348,72.60348239264596,15357.209601868708,21.97219243014225,181.01592292417757,-219.40910254370309,-467.5163442147094
-2547.283578198148,89.58364359321126,15312.352314225715,21.97857212683811,178.86067299908896,-222.12859901668622,-451.20976936402326
-2531.7769086738076,63.221746284878094,15356.650033604963,21.98266624890159,182.4931636467563,-225.66510314048455,-454.7171935964695
-2537.588953942034,63.50056156930858,15382.21169914924,22.00320649922017,170.49398424395153,-221.12773407196366,-468.4322987720683
-2577.144546948226,60.813428611636105,15348.459644793984,21.96264941395845,177.8404196087516,-211.767275566915,-468.63568203418674
-2572.435413506434,66.25413276620253,15361.1922460691,21.954535089963198,172.88198451892123,-218.65754467709036,-469.8409744116293
-2540.7527572062822,74.04475430795647,15402.322992951631,21.967240662435362,172.92426445833536,-217.34720161075447,-479.92915847828294
-2546.2151973510686,54.68281198560199,15410.08894481072,21.9753943673946,175.45920027588565,-216.14804129707386,-484.2536288236197
-2564.050979745892,70.91803762001463,15402.17541313011,21.980626945832757,177.80249128760425,-216.0950043817992,-478.78890083528194
-2543.9702919742826,81.3368707784302,15451.55211463885,22.001897791912242,177.1567351398702,-209.2540745224683,-479.22278627845196
-2551.1460864892824,72.25974503472611,15418.752876566154,22.04779137762878,175.6675533116234,-210.2378231100648,-487.3828955062152
-2574.380491915909,67.86759857594959,15403.436334918619,22.02708717914169,180.80226082712625,-220.90034826555063,-474.70670536044236
-2560.6303901660704,79.37927461218634,15390.740999698843,22.01380041648294,172.63317828419562,-225.59339765717309,-460.1232200358374
-2580.466972009093,102.53013862866604,15412.687500256465,22.005273737120778,172.40633737104233,-219.64868734284053,-473.6928631661173
-2554.505130748411,84.42733397728522,15461.164227536956,21.963976048233214,177.27636990503566,-217.62500234455402,-481.68456379062957
-2596.5985570346866,44.149390561714725,15427.787437815632,21.973299325941852,174.3112977386112,-220.9836662186209,-471.049844115462
-2582.053816666412,62.725263875939596,15410.667226491383,21.97928246883886,162.019015604537,-223.49732090590754,-488.58660798908653
-2585.6171121332604,86.11043218921108,15441.238338526897,22.00103498397842,160.22091527279517,-230.48430331680945,-462.94016380248326
-2564.975345579044,65.29192999076636,15442.22772465402,21.96125586048933,166.23214938552405,-224.2204193062057,-459.7372824477132
-2560.3268298085304,60.529995458368944,15429.965383210107,21.935727909098105,164.71594983292397,-218.76758887886078,-458.75663029097257
-2587.437315837352,87.56769585527437,15423.529148686197,21.95517129647606,165.5342280943866,-207.0283521288896,-476.0401826672056
-2551.8131447482974,67.66014819569394,15402.202380563738,21.931823186199672,167.4923822527089,-205.94342205561682,-464.9198022681536
-2534.683723720832,57.75069073121696,15397.114270221922,21.984908651367377,165.8829523056083,-209.18800965791885,-465.30679128213956
-2540.887410773321,92.94924947447113,15352.291135863003,21.9509069086044,163.41708254164706,-217.71883544272515,-468.7794566780137
-2554.89979192635,85.44402227499046,15309.19592589686,21.982825182986634,162.55114442500638,-211.72918609221782,-468.858467992517
-2535.231525905003,89.2257811984019,15278.673840554125,21.96748273701664,165.21975331882723,-206.45234368217172,-464.2518245020811
-2512.5783531187794,103.11693858535241,15264.818644434145,21.939723959975193,181.62087322573245,-208.4398335509937,-471.68501542743337
-2548.1969106856936,109.16542313340874,15343.342024157915,21.989978913132944,180.68192555392548,-219.7465020758908,-486.4864213841486
-2571.0548503897467,84.38638674850009,15373.671384821517,21.972073589187904,181.87065084038156,-208.01481983270006,-478.43049071241
-2552.7640637781556,68.48462771329145,15383.103810503544,21.978495861555224,178.3344154609669,-214.8164043358727,-479.7092944340739
-2579.7179074277183,74.04312727854679,15410.652452456015,21.96470442775881,176.42332074324125,-214.5239213027773,-481.9629873205349
-2592.716241728878,54.68176785179412,15426.898554621708,21.955853879514162,182.00378399457992,-215.4109952387241,-490.5744290610146
-2585.294491318007,96.71191255872904,15367.10588409061,21.950174107172344,176.62856480744497,-218.12981363938923,-475.6800751524489
-2581.96466944872,125.11747005539212,15374.591359273067,21.928616277790212,174.25383129028577,-213.0677009475161,-503.3805235019138
-2582.6938420251417,101.78864350164586,15369.363894364262,21.932694582440902,174.16289430916606,-216.62602226556228,-501.4529102295043
-2564.532389392821,63.88906120051141,15371.741329440238,21.971137560529332,178.045369454331,-219.98432074520767,-483.0195156672076
-2534.2480210252947,53.897593919302594,15393.329454296014,21.959982293774072,186.98555474128264,-214.61607441448731,-482.6542664622111
-2504.782044916951,36.02140319809561,15377.089834173363,21.970736364248406,176.60126034918952,-208.30498241069975,-486.7189613836039
-2541.760658633308,40.31282617431346,15423.989392004678,21.941811950622863,166.71289990147403,-210.70352313997265,-477.1466912188676
-2522.5004957368574,64.56226855512904,15406.79682906351,21.97698856254623,175.7721949223635,-209.73496551077096,-473.15330471487835
-2524.4707347676012,68.65992242311172,15388.598480545135,21.98165000850406,165.46433830042437,-206.96385556675,-487.4286849201572
-2515.703908805989,71.28956077571675,15371.187707023857,21.984641456162706,157.77457663008337,-212.70892569548627,-490.8576809975381
-2522.9751371074162,100.20468656512952,15385.809019911032,22.00447407352867,170.75260876053824,-211.73843255987723,-484.8182891760282
-2526.208362552344,87.2340835519568,15408.089409282255,21.98137574865081,173.70729910066697,-212.19039864473038,-477.7182370642637
-2578.4393202371225,74.61120641522842,15385.128893282386,21.934309392248508,181.33557037285846,-207.823096055087,-482.83478674173267
-2581.8645061316965,118.09966056890983,15409.085973444518,21.918435217075732,179.42406189920553,-210.0360186493992,-481.8192029336012
-2531.0404729672637,97.28501738497377,15385.76843079003,21.94407384226766,168.88266899850854,-210.38137226510452,-471.49450533580927
-2511.3218068981246,111.15495295969686,15389.43396790732,21.92470147896356,175.01508239935427,-221.70898498819383,-470.2425723476129
-2510.1317444324686,94.26133412267727,15407.54963166388,21.93018228992695,167.1280124867166,-222.17150088850582,-475.8877900798596
-2502.2028794633948,86.2860426661578,15414.876130919269,21.915786680400956,177.1133629902368,-213.1536201596338,-467.688066034724
-2507.1458023328764,85.4670505768169,15385.185129686934,21.92446128542993,183.52138609180432,-207.7247210321841,-471.38239443392274
-2538.9784912285804,80.64237776889237,15410.555093009438,21.93002814754489,176.16944418787403,-205.315538819658,-479.1270652623398
-2507.8177883626363,91.87648329456968,15369.514863814537,21.933600639168827,175.0339668164744,-203.0529492320723,-479.4398007397822
-2540.8427634545656,104.81800659109027,15400.498818501836,21.91798038015175,176.4548282253431,-210.1991311587951,-478.9239812261899
-2541.9738673456554,130.31949454161696,15404.619203831695,21.925869075639802,173.78407958432462,-213.71036660879017,-481.8172760832958
-2529.8024722040354,109.4260941729263,15357.107370198513,21.89868840500121,177.4440104026048,-213.09761482457859,-485.1070564350432
-2521.9915715032225,88.8527612489092,15363.875797832574,21.86333253688808,178.35971302342358,-213.7791587137695,-480.76961182287874
-2509.8138337131427,58.45361723888591,15368.21938503315,21.89079923588195,180.02213095741385,-214.93304948470546,-479.4191198532724
-2530.659468225338,21.748833340851775,15372.439879518337,21.90842578205221,171.05776313701057,-215.31529258308694,-481.4185124102852
-2526.840633046813,65.5462391761578,15366.550168239297,21.90182460615813,174.61964475089457,-216.63536690657256,-469.4460773780184
-2545.8853786473856,64.99228728704865,15358.47139977417,21.897588351495674,174.3976523284884,-209.60084808246984,-464.98717594681557
-2571.0044724792765,81.83315619113728,15336.090547928088,21.894869767132356,171.3891298158152,-211.5351351257816,-474.6647246373213
-2565.6290066372876,108.40398939125905,15308.830533165785,21.893125136195508,175.90706951722558,-209.91038863828504,-470.4857487399193
-2519.188433783286,105.3931965778799,15318.564200318302,21.892005532497762,172.35778687116056,-214.95809855987042,-472.1030134244482
-2546.706758805235,61.903165018589,15349.172222260178,21.89128703529957,176.88695541974374,-207.80795867805793,-471.3495929463888
-2552.9021933643726,58.355281188715615,15315.792568368744,21.876495642381467,178.36048477429333,-200.71160754538792,-480.18078786449234
-2522.485339924808,70.40875637640872,15376.054153996052,21.91715943766904,172.1409596937899,-207.26356257615862,-487.6394282029723
-2498.666463636259,63.8136800595602,15338.775965689507,21.907429363540864,173.16523252498266,-214.6925482476213,-481.31996952768355
-2506.3093645226786,19.456491971118304,15403.700847755768,21.90118516212086,179.55467297310128,-214.80269516516563,-481.205338022383
-2508.348077757669,49.744843674175854,15347.919840470386,21.915090871599805,177.5646693344152,-218.09769924120337,-480.4152589825679
-2503.9242854322642,40.52155855242185,15356.546739896532,21.924014755398712,171.271993589674,-220.2122431654818,-470.9517925018767
-2496.786259359365,50.365918198957914,15428.00238008917,21.929741590277363,170.81629225782342,-220.4944630143698,-475.2681540369328
-2505.1027576601796,38.054067871515194,15369.247286006934,21.969242500161045,166.9412736825817,-214.58519678470688,-481.62072207433135
-2527.636170828818,30.153031118375512,15351.604073017836,21.940853274652596,157.28935845394466,-225.48153026130427,-479.6070558451712
-2513.436212603574,45.145024480663636,15383.272582971775,21.976373339499002,157.18569359752144,-229.96636680369343,-477.59828564605414
-2534.4171327366735,74.82844663083719,15343.40833784481,21.98125519377043,168.22515211496562,-225.67932531690957,-489.5647026474845
-2547.881479417108,101.04270949708987,15373.71394112812,21.966475208321167,171.3688077909515,-215.76299750359595,-478.2564089951459
-2562.2542430928934,107.83430231688418,15331.542030683813,21.974903143010916,159.41417981479992,-216.20616301141763,-470.9993971418364
-2572.9108856652397,105.02760421014364,15334.572162213899,21.94448594935329,172.52132683235217,-221.50616709446103,-474.9404463847883
-2529.5936456412524,73.13279110780275,15292.09278756931,21.9106356427865,176.99190595192346,-220.9665713319452,-485.70950900309623
-2527.589679749198,81.32514178666914,15314.988030167968,21.97131170576099,175.920032997428,-213.8133960154023,-473.2745646692619
-2522.0045589730357,105.21191443663973,15341.145121024076,21.995919807107853,182.3973180323298,-219.6123694173118,-471.02665438120926
-2524.15247110341,84.71531302437987,15362.230326918947,21.993798991401512,176.5228547278212,-210.43654420084266,-483.91437774922184
-2559.9236041260424,101.65541005462504,15394.390991811379,21.97452509550069,170.60341695190337,-219.95310331285214,-476.4216436092731
-2541.3215799123955,105.36143770588353,15374.90500728258,21.99798197564957,174.32807152577345,-223.91073767045856,-469.821950343701
-2532.2499322371923,113.47187401024807,15369.565175600208,21.959296615504023,171.34447686236447,-227.52529227064343,-480.6334650656837
-2573.718270182845,61.355473997368776,15354.674136814021,21.97029633540884,175.16189868335775,-228.05361747747907,-479.33174870240475
-2561.6384446595434,47.97259267571595,15326.488531776868,21.977355322395425,170.08829128161528,-232.69175701375752,-481.720700205067
-2523.7926722305215,82.3751382286764,15370.020935048327,21.963972495386315,179.37135706854133,-229.93612684085815,-473.93909494185743
-2518.1348278613746,71.49301503377839,15392.225404217523,21.95538416745447,183.17914885220213,-224.22688877167897,-486.499929572303
-2488.7094040608204,116.09858485300016,15387.845560616452,21.967785551488298,188.84708853176363,-221.63780116532234,-483.0965078933505
-2494.18737579813,124.66144775106926,15415.1284649763,21.975744045819784,186.03580966675733,-223.55884948698602,-472.3142061251741
-2453.278884077613,92.89781297181148,15353.82039704238,21.93069528958585,185.30646544358925,-211.5361376347103,-473.63466968043093
-2452.8207141763005,63.915559119021964,15337.404892964654,21.95194165099846,176.59849021074055,-209.55277442130594,-478.78115800572095
-2476.888201835948,52.481568479948535,15387.057639155117,21.965576342610767,174.9510462844914,-207.20519338367603,-477.068271959217
-2485.168178472874,45.14389153686481,15408.890701230728,21.956413424270448,168.5199480727068,-209.63948428723276,-474.8942675960697
-2553.5351230355973,50.4662048470304,15410.004631050642,21.950533190784217,164.03458190596794,-215.1425053126875,-488.18767710145534
